Workbook

Sheet Bookings
A1: Timestamp | B1: Reference | C1: Status | D1: Event | E1: Event ID | F1: Event Date | G1: Location | H1: Name | I1: Email | J1: Phone | K1: Age | L1: Places | M1: Unit Price | N1: Total | O1: Currency | P1: Emergency Contact | Q1: Emergency Phone | R1: Dietary | S1: Medical | T1: Heard From | U1: Notes | V1: Photo Consent | W1: Terms Accepted | X1: Stripe Session | Y1: Stripe Payment | Z1: Paid At

Sheet Events
A1: Event ID | B1: Event Name | C1: Capacity | D1: Price | E1: Notes | F1: Places Held | G1: Places Paid | H1: Remaining | I1: Revenue Collected | K1: Blue cells are yours to edit. Event ID must match the data-event-id in index.html exactly.
A2: mens-summer-retreat-jul-2026 | B2: Men of Ihsan × Muslim Alpha Summer Retreat | C2: 30 | D2: 115 | F2: =SUMIFS(Bookings!$L$2:$L$5000,Bookings!$E$2:$E$5000,$A2,Bookings!$C$2:$C$5000,"<>Cancelled",Bookings!$C$2:$C$5000,"<>Expired",Bookings!$C$2:$C$5000,"<>Refunded") | G2: =SUMIFS(Bookings!$L$2:$L$5000,Bookings!$E$2:$E$5000,$A2,Bookings!$C$2:$C$5000,"Paid") | H2: =MAX($C2-$F2,0) | I2: =SUMIFS(Bookings!$N$2:$N$5000,Bookings!$E$2:$E$5000,$A2,Bookings!$C$2:$C$5000,"Paid") | K2: Places Held counts everything except cancelled, expired and refunded — that is what the capacity check uses.
A3: womens-taster-day-jul-2026 | B3: Women of Ihsan — Taster Day | C3: 20 | D3: 75 | F3: =SUMIFS(Bookings!$L$2:$L$5000,Bookings!$E$2:$E$5000,$A3,Bookings!$C$2:$C$5000,"<>Cancelled",Bookings!$C$2:$C$5000,"<>Expired",Bookings!$C$2:$C$5000,"<>Refunded") | G3: =SUMIFS(Bookings!$L$2:$L$5000,Bookings!$E$2:$E$5000,$A3,Bookings!$C$2:$C$5000,"Paid") | H3: =MAX($C3-$F3,0) | I3: =SUMIFS(Bookings!$N$2:$N$5000,Bookings!$E$2:$E$5000,$A3,Bookings!$C$2:$C$5000,"Paid") | K3: Add a new event on the first empty row. Grey columns calculate themselves.
A4: ikhwan-missions-retreat-jul-2026 | B4: Ikhwan Missions Retreat | C4: 30 | D4: 105 | F4: =SUMIFS(Bookings!$L$2:$L$5000,Bookings!$E$2:$E$5000,$A4,Bookings!$C$2:$C$5000,"<>Cancelled",Bookings!$C$2:$C$5000,"<>Expired",Bookings!$C$2:$C$5000,"<>Refunded") | G4: =SUMIFS(Bookings!$L$2:$L$5000,Bookings!$E$2:$E$5000,$A4,Bookings!$C$2:$C$5000,"Paid") | H4: =MAX($C4-$F4,0) | I4: =SUMIFS(Bookings!$N$2:$N$5000,Bookings!$E$2:$E$5000,$A4,Bookings!$C$2:$C$5000,"Paid")

Sheet Summary
A1: Bookings at a glance
A2: Recalculates automatically as bookings arrive.
A4: Total bookings | B4: =COUNTA(Bookings!$B$2:$B$5000)
A5: Paid | B5: =COUNTIF(Bookings!$C$2:$C$5000,"Paid")
A6: Awaiting payment | B6: =COUNTIF(Bookings!$C$2:$C$5000,"Awaiting payment")
A7: Enquiries | B7: =COUNTIF(Bookings!$C$2:$C$5000,"Enquiry")
A8: Cancelled or expired | B8: =COUNTIF(Bookings!$C$2:$C$5000,"Cancelled")+COUNTIF(Bookings!$C$2:$C$5000,"Expired")+COUNTIF(Bookings!$C$2:$C$5000,"Refunded")
A10: Places paid for | B10: =SUMIFS(Bookings!$L$2:$L$5000,Bookings!$C$2:$C$5000,"Paid")
A11: Revenue collected | B11: =SUMIFS(Bookings!$N$2:$N$5000,Bookings!$C$2:$C$5000,"Paid")
A12: Revenue outstanding | B12: =SUMIFS(Bookings!$N$2:$N$5000,Bookings!$C$2:$C$5000,"Awaiting payment")
A14: Capacity by event
A15: Event | B15: Capacity | C15: Held | D15: Remaining | E15: Collected
A16: =Events!$B2 | B16: =Events!$C2 | C16: =Events!$F2 | D16: =Events!$H2 | E16: =Events!$I2
A17: =Events!$B3 | B17: =Events!$C3 | C17: =Events!$F3 | D17: =Events!$H3 | E17: =Events!$I3
A18: =Events!$B4 | B18: =Events!$C4 | C18: =Events!$F4 | D18: =Events!$H4 | E18: =Events!$I4

Sheet Read me
A1: Ummatically — event bookings
A3: How it works | B3: Someone books on the website → Google Apps Script writes a row on the Bookings tab, emails you, and emails them → Stripe takes the payment → the row flips to Paid.
A4: Do not | B4: Rename tabs, reorder columns, or rename headers on the Bookings tab. The script writes by column position, so a moved column silently lands the wrong data in the wrong place.
A5: Safe to do | B5: Sort, filter, hide columns, add new columns to the RIGHT of "Paid At", and change Status by hand to Cancelled or Refunded.
A6: Keep row 2 free | B6: The Bookings tab ships empty on purpose — new bookings append to the first free row, and a placeholder row would be counted against your event capacity. The example below shows what a real row looks like.
A7: Statuses | B7: Enquiry — recorded, no payment configured. Awaiting payment — sent to Stripe, not paid yet. Paid — money received. Expired — set automatically after 2 days unpaid. Cancelled / Refunded — set by you.
A8: Events tab | B8: Edit Capacity and Price here. The website stops taking bookings once Places Held reaches Capacity. Event ID must match index.html exactly.
A10: Example row
A11: Timestamp | B11: Reference | C11: Status | D11: Event | E11: Event ID | F11: Event Date | G11: Location | H11: Name | I11: Email | J11: Phone | K11: Age | L11: Places | M11: Unit Price | N11: Total | O11: Currency | P11: Emergency Contact | Q11: Emergency Phone | R11: Dietary | S11: Medical | T11: Heard From | U11: Notes | V11: Photo Consent | W11: Terms Accepted | X11: Stripe Session | Y11: Stripe Payment | Z11: Paid At
A12: 2026-06-02 14:31 | B12: UMM-2606-K3F9 | C12: Paid | D12: Women of Ihsan – Taster Day | E12: womens-taster-day-jul-2026 | F12: Jul 19, 2026 · 1 Day | G12: B60, Worcestershire | H12: Aisha Rahman | I12: aisha@example.com | J12: 07700 900123 | K12: 27 | L12: 2 | M12: 75 | N12: 150 | O12: GBP | P12: Mariam Rahman | Q12: 07700 900456 | R12: Nut allergy | S12: None | T12: Instagram | V12: Yes | W12: Yes | X12: cs_test_a1b2c3 | Y12: pi_3Nx4y5 | Z12: 2026-06-02 14:33
